{
	"query": "iphone",
	"sort": "relevance",
	"responseGroup": "base",
	"totalResults": 2249,
	"start": 1,
	"numItems": 10,
	"items": [{
		"itemId": 134647847,
		"parentItemId": 134647847,
		"name": "Used (Good Condition) Apple iPhone 7 Plus 128GB Unlocked GSM Smartphone Multi Colors (Jet Black)",
		"msrp": 799.99,
		"salePrice": 393.74,
		"upc": "709951796702",
		"categoryPath": "Cell Phones/iPhones/Refurbished iPhone/Refurbished iPhone 7 Plus",
		"shortDescription": "This is an iPhone 7 Plus in Used Condition. Item is fully functional. With a clean ESN. Item will show signs of use. There will be both scratches and dents on the front, back, and corners of the product. Device Is Unlocked For All GSM Carriers (T-Mobile, AT&amp;T, Ultra Mobile, Simple Mobile, Cricket, Etc..)! Will NOT Work With Any Other CDMA Carriers (Sprint, Verizon, Boost Mobile, Page Plus, Etc..)PACKAGE CONTENTS:- iPhone 7 Plus- Lightning Cable- Wall Charger*Please Note*Item comes packaged in an Aftermarket Box with Aftermarket Accessories.SIM Card, User Manual &amp; Headsets are NOT included!",
		"longDescription": "Dual-Lens Camera,3G Data Capable,4G Data Capable,Bluetooth Enabled,Fingerprint Sensor,GPS,Internet Browser,Music Player,Speakerphone,Touchscreen,Wi-Fi Capable",
		"thumbnailImage": "https://i5.walmartimages.com/asr/26c39b57-4111-4420-bdab-ae273d8140ef_1.e7c7472699d2c7af72a15b3775323014.jpeg?odnHeight=100&odnWidth=100&odnBg=FFFFFF",
		"mediumImage": "https://i5.walmartimages.com/asr/26c39b57-4111-4420-bdab-ae273d8140ef_1.e7c7472699d2c7af72a15b3775323014.jpeg?odnHeight=180&odnWidth=180&odnBg=FFFFFF",
		"largeImage": "https://i5.walmartimages.com/asr/26c39b57-4111-4420-bdab-ae273d8140ef_1.e7c7472699d2c7af72a15b3775323014.jpeg?odnHeight=450&odnWidth=450&odnBg=FFFFFF",
		"productTrackingUrl": "http://linksynergy.walmart.com/fs-bin/click?id=|LSNID|&offerid=223073.7200&type=14&catid=8&subid=0&hid=7200&tmpid=1082&RD_PARM1=https%253A%252F%252Fwww.walmart.com%252Fip%252FUsed-Good-Condition-Apple-iPhone-7-Plus-128GB-Unlocked-GSM-Smartphone-Multi-Colors-Jet-Black%252F134647847%253Faffp1%253DYlV2s68lfVfUlXVwMlHhcZ3QD9X-GFq-UV2qDRVwUwM%2526affilsrc%253Dapi",
		"standardShipRate": 0.0,
		"marketplace": true,
		"modelNumber": "iPhone 7 Plus",
		"sellerInfo": "Chubbiestech",
		"productUrl": "http://c.affil.walmart.com/t/api02?l=https%3A%2F%2Fwww.walmart.com%2Fip%2FUsed-Good-Condition-Apple-iPhone-7-Plus-128GB-Unlocked-GSM-Smartphone-Multi-Colors-Jet-Black%2F134647847%3Faffp1%3DYlV2s68lfVfUlXVwMlHhcZ3QD9X-GFq-UV2qDRVwUwM%26affilsrc%3Dapi%26veh%3Daff%26wmlspartner%3Dreadonlyapi",
		"customerRating": "3.5",
		"numReviews": 2,
		"customerRatingImage": "http://i2.walmartimages.com/i/CustRating/3_5.gif",
		"categoryNode": "1105910_1127173_4907762",
		"rhid": "35415",
		"bundle": false,
		"stock": "Available",
		"addToCartUrl": "http://c.affil.walmart.com/t/api02?l=http%3A%2F%2Faffil.walmart.com%2Fcart%2FaddToCart%3Fitems%3D134647847%7C1%26affp1%3DYlV2s68lfVfUlXVwMlHhcZ3QD9X-GFq-UV2qDRVwUwM%26affilsrc%3Dapi%26veh%3Daff%26wmlspartner%3Dreadonlyapi",
		"affiliateAddToCartUrl": "http://linksynergy.walmart.com/fs-bin/click?id=|LSNID|&offerid=223073.7200&type=14&catid=8&subid=0&hid=7200&tmpid=1082&RD_PARM1=http%253A%252F%252Faffil.walmart.com%252Fcart%252FaddToCart%253Fitems%253D134647847%257C1%2526affp1%253DYlV2s68lfVfUlXVwMlHhcZ3QD9X-GFq-UV2qDRVwUwM%2526affilsrc%253Dapi",
		"freeShippingOver35Dollars": false,
		"giftOptions": {},
		"imageEntities": [{
			"thumbnailImage": "https://i5.walmartimages.com/asr/26c39b57-4111-4420-bdab-ae273d8140ef_1.e7c7472699d2c7af72a15b3775323014.jpeg?odnHeight=100&odnWidth=100&odnBg=FFFFFF",
			"mediumImage": "https://i5.walmartimages.com/asr/26c39b57-4111-4420-bdab-ae273d8140ef_1.e7c7472699d2c7af72a15b3775323014.jpeg?odnHeight=180&odnWidth=180&odnBg=FFFFFF",
			"largeImage": "https://i5.walmartimages.com/asr/26c39b57-4111-4420-bdab-ae273d8140ef_1.e7c7472699d2c7af72a15b3775323014.jpeg?odnHeight=450&odnWidth=450&odnBg=FFFFFF",
			"entityType": "PRIMARY"
		}],
		"offerType": "ONLINE_ONLY",
		"availableOnline": true
	}, {
		"itemId": 111734767,
		"parentItemId": 111734767,
		"name": "Refurbished Apple iPhone 6s 128GB, Silver - Unlocked GSM",
		"msrp": 404.03,
		"salePrice": 335.0,
		"upc": "759776466670",
		"categoryPath": "Cell Phones/iPhones/Refurbished iPhone/Refurbished iPhone 6",
		"shortDescription": "The moment you use iPhone 6s, you know you've never felt anything like it. With just a single press, 3D Touch lets you do more than ever. Live Photos brings your memories to life in a powerfully vivid way. And that's just the beginning. Take a deeper look at iPhone 6s, and you'll find innovation on every level. The seamless design is made from a new alloy of 7000 series aluminum. The 4.7-inch and 5.5-inch Retina HD displays are constructed with the strongest cover glass used in any smartphone. The world's most advanced mobile operating system gets major enhancements to an already great set of built-in apps, a smarter Siri and search, and much more.",
		"longDescription": "4.7-inch LED-backlit IPS LCD Capacitive Touchscreen, 750 x 1334 pixel resolution (~326ppi pixel density) + Ion-Strengethened Glass, Oleophobic Coating, 3D Touch DisplayiOS 9, Chipset: Apple A9, Processor: Dual-Core 1.84 GHz Twister, GPU: PowerVR GT760012 Megapixel Camera with f/2.2, 29mm, phase detection autofocus, dual-LED (dual tone) flash, 1/3&quot; sensor size, 1.22 &micro;m pixel size, geo-tagging, simultaneous 4K video and 8MP image recording, touch focus, face/smile detection, HDR (photo/panorama) + 5 Megapixel Front Camera with f/2.2, 31mm, 1080p@30fps, 720p@240fps, face detection, HDR, panorama; Video Capture: 2160p@30fps, 1080p@60fps,1080p@120fps, 720p@240fpsInternal Memory: 16GB, 2GB RAM",
		"thumbnailImage": "https://i5.walmartimages.com/asr/6039084a-9464-4ae4-881f-748a2b3f4820_1.8df005f488a4f5538d9d79a8d66a8a96.jpeg?odnHeight=100&odnWidth=100&odnBg=ffffff",
		"mediumImage": "https://i5.walmartimages.com/asr/6039084a-9464-4ae4-881f-748a2b3f4820_1.8df005f488a4f5538d9d79a8d66a8a96.jpeg?odnHeight=180&odnWidth=180&odnBg=ffffff",
		"largeImage": "https://i5.walmartimages.com/asr/6039084a-9464-4ae4-881f-748a2b3f4820_1.8df005f488a4f5538d9d79a8d66a8a96.jpeg?odnHeight=450&odnWidth=450&odnBg=ffffff",
		"productTrackingUrl": "http://linksynergy.walmart.com/fs-bin/click?id=|LSNID|&offerid=223073.7200&type=14&catid=8&subid=0&hid=7200&tmpid=1082&RD_PARM1=https%253A%252F%252Fwww.walmart.com%252Fip%252FRefurbished-Apple-iPhone-6s-128GB-Silver-Unlocked-GSM%252F111734767%253Faffp1%253DYlV2s68lfVfUlXVwMlHhcZ3QD9X-GFq-UV2qDRVwUwM%2526affilsrc%253Dapi",
		"standardShipRate": 0.0,
		"marketplace": false,
		"modelNumber": "IPHONE 6S",
		"productUrl": "http://c.affil.walmart.com/t/api02?l=https%3A%2F%2Fwww.walmart.com%2Fip%2FRefurbished-Apple-iPhone-6s-128GB-Silver-Unlocked-GSM%2F111734767%3Faffp1%3DYlV2s68lfVfUlXVwMlHhcZ3QD9X-GFq-UV2qDRVwUwM%26affilsrc%3Dapi%26veh%3Daff%26wmlspartner%3Dreadonlyapi",
		"customerRating": "5.0",
		"numReviews": 1,
		"customerRatingImage": "http://i2.walmartimages.com/i/CustRating/5.gif",
		"categoryNode": "1105910_1127173_4907762",
		"rhid": "32429",
		"bundle": false,
		"stock": "Not available",
		"addToCartUrl": "http://c.affil.walmart.com/t/api02?l=http%3A%2F%2Faffil.walmart.com%2Fcart%2FaddToCart%3Fitems%3D111734767%7C1%26affp1%3DYlV2s68lfVfUlXVwMlHhcZ3QD9X-GFq-UV2qDRVwUwM%26affilsrc%3Dapi%26veh%3Daff%26wmlspartner%3Dreadonlyapi",
		"affiliateAddToCartUrl": "http://linksynergy.walmart.com/fs-bin/click?id=|LSNID|&offerid=223073.7200&type=14&catid=8&subid=0&hid=7200&tmpid=1082&RD_PARM1=http%253A%252F%252Faffil.walmart.com%252Fcart%252FaddToCart%253Fitems%253D111734767%257C1%2526affp1%253DYlV2s68lfVfUlXVwMlHhcZ3QD9X-GFq-UV2qDRVwUwM%2526affilsrc%253Dapi",
		"availableOnline": false
	}, {
		"itemId": 730185766,
		"parentItemId": 730185766,
		"name": "AT&T Prepaid Apple iPhone SE 32GB, Silver",
		"msrp": 199.99,
		"salePrice": 133.33,
		"upc": "607376445130",
		"categoryPath": "Cell Phones/iPhones/iPhone SE",
		"shortDescription": "iPhone SE 32GB on AT&amp;T PREPAID, Silver features a 12MP camera with 4K video at 30 fps. A 4-inch Retina display. A9 chip. Long battery life. Comes with iOS 11, which sets a new standard for the world&rsquo;s most advanced mobile operating system.",
		"longDescription": "Key Features4-inch Retina display112MP camera with 4K video at 30 fpsFaceTime HD camera with Retina Flash3Touch ID for secure authentication and Apple PayA9 chip&nbsp;Legal1Display size is measured diagonally.2Battery life varies by use and configuration. See www.apple.com/batteries for more information.3FaceTime calling requires a FaceTime-enabled device for the caller and recipient and a Wi-Fi connection. Availability over a cellular network depends on carrier policies; data charges may apply.&nbsp;Technical specificationsGo to www.apple.com/iphone-se/specs for a complete set.",
		"thumbnailImage": "https://i5.walmartimages.com/asr/d86e9926-7060-4db2-a1d1-23aeda284d50_1.03a3c0996195c34db031efbc30f1dd27.jpeg?odnHeight=100&odnWidth=100&odnBg=FFFFFF",
		"mediumImage": "https://i5.walmartimages.com/asr/d86e9926-7060-4db2-a1d1-23aeda284d50_1.03a3c0996195c34db031efbc30f1dd27.jpeg?odnHeight=180&odnWidth=180&odnBg=FFFFFF",
		"largeImage": "https://i5.walmartimages.com/asr/d86e9926-7060-4db2-a1d1-23aeda284d50_1.03a3c0996195c34db031efbc30f1dd27.jpeg?odnHeight=450&odnWidth=450&odnBg=FFFFFF",
		"productTrackingUrl": "http://linksynergy.walmart.com/fs-bin/click?id=|LSNID|&offerid=223073.7200&type=14&catid=8&subid=0&hid=7200&tmpid=1082&RD_PARM1=https%253A%252F%252Fwww.walmart.com%252Fip%252FAT-T-Prepaid-Apple-iPhone-SE-32GB-Silver%252F730185766%253Faffp1%253DYlV2s68lfVfUlXVwMlHhcZ3QD9X-GFq-UV2qDRVwUwM%2526affilsrc%253Dapi",
		"standardShipRate": 0.0,
		"marketplace": false,
		"modelNumber": "6019B",
		"productUrl": "http://c.affil.walmart.com/t/api02?l=https%3A%2F%2Fwww.walmart.com%2Fip%2FAT-T-Prepaid-Apple-iPhone-SE-32GB-Silver%2F730185766%3Faffp1%3DYlV2s68lfVfUlXVwMlHhcZ3QD9X-GFq-UV2qDRVwUwM%26affilsrc%3Dapi%26veh%3Daff%26wmlspartner%3Dreadonlyapi",
		"customerRating": "4.733",
		"numReviews": 30,
		"customerRatingImage": "http://i2.walmartimages.com/i/CustRating/4_7.gif",
		"categoryNode": "1105910_1127173_3393123",
		"rhid": "32416",
		"bundle": false,
		"stock": "Not available",
		"addToCartUrl": "http://c.affil.walmart.com/t/api02?l=http%3A%2F%2Faffil.walmart.com%2Fcart%2FaddToCart%3Fitems%3D730185766%7C1%26affp1%3DYlV2s68lfVfUlXVwMlHhcZ3QD9X-GFq-UV2qDRVwUwM%26affilsrc%3Dapi%26veh%3Daff%26wmlspartner%3Dreadonlyapi",
		"affiliateAddToCartUrl": "http://linksynergy.walmart.com/fs-bin/click?id=|LSNID|&offerid=223073.7200&type=14&catid=8&subid=0&hid=7200&tmpid=1082&RD_PARM1=http%253A%252F%252Faffil.walmart.com%252Fcart%252FaddToCart%253Fitems%253D730185766%257C1%2526affp1%253DYlV2s68lfVfUlXVwMlHhcZ3QD9X-GFq-UV2qDRVwUwM%2526affilsrc%253Dapi",
		"giftOptions": {},
		"imageEntities": [{
			"thumbnailImage": "https://i5.walmartimages.com/asr/3ee2b07a-9baa-4f75-88ed-e0b59b6a5de4_1.f67085177fc7c5404782f9c03508f615.png?odnHeight=100&odnWidth=100&odnBg=FFFFFF",
			"mediumImage": "https://i5.walmartimages.com/asr/3ee2b07a-9baa-4f75-88ed-e0b59b6a5de4_1.f67085177fc7c5404782f9c03508f615.png?odnHeight=180&odnWidth=180&odnBg=FFFFFF",
			"largeImage": "https://i5.walmartimages.com/asr/3ee2b07a-9baa-4f75-88ed-e0b59b6a5de4_1.f67085177fc7c5404782f9c03508f615.png?odnHeight=450&odnWidth=450&odnBg=FFFFFF",
			"entityType": "SECONDARY"
		}, {
			"thumbnailImage": "https://i5.walmartimages.com/asr/7abb87c2-520b-4c62-a626-be02127eee96_1.a2796f65a480be766f5cccec44aabab7.png?odnHeight=100&odnWidth=100&odnBg=FFFFFF",
			"mediumImage": "https://i5.walmartimages.com/asr/7abb87c2-520b-4c62-a626-be02127eee96_1.a2796f65a480be766f5cccec44aabab7.png?odnHeight=180&odnWidth=180&odnBg=FFFFFF",
			"largeImage": "https://i5.walmartimages.com/asr/7abb87c2-520b-4c62-a626-be02127eee96_1.a2796f65a480be766f5cccec44aabab7.png?odnHeight=450&odnWidth=450&odnBg=FFFFFF",
			"entityType": "SECONDARY"
		}, {
			"thumbnailImage": "https://i5.walmartimages.com/asr/d86e9926-7060-4db2-a1d1-23aeda284d50_1.03a3c0996195c34db031efbc30f1dd27.jpeg?odnHeight=100&odnWidth=100&odnBg=FFFFFF",
			"mediumImage": "https://i5.walmartimages.com/asr/d86e9926-7060-4db2-a1d1-23aeda284d50_1.03a3c0996195c34db031efbc30f1dd27.jpeg?odnHeight=180&odnWidth=180&odnBg=FFFFFF",
			"largeImage": "https://i5.walmartimages.com/asr/d86e9926-7060-4db2-a1d1-23aeda284d50_1.03a3c0996195c34db031efbc30f1dd27.jpeg?odnHeight=450&odnWidth=450&odnBg=FFFFFF",
			"entityType": "PRIMARY"
		}],
		"offerType": "ONLINE_AND_STORE",
		"isTwoDayShippingEligible": false,
		"availableOnline": false
	}, {
		"itemId": 329264833,
		"parentItemId": 329264833,
		"name": "Straight Talk Prepaid Apple iPhone 6 32GB, Space Gray (Limit 2) Sales of Prepaid Phones are restricted to no more than (2) devices per customer within a 21-day period (across Brands)",
		"msrp": 239.99,
		"salePrice": 149.99,
		"upc": "190198429612",
		"categoryPath": "Cell Phones/iPhones/iPhone 6",
		"shortDescription": "Get a New Phone with No Contract! You can buy a new phone with monthly prepaid phone service at Walmart thanks to Straight Talk. Skip the lines at the phone carriers store and pick yours up at Walmart. With Straight Talk, there is no contract, so just add an unlimited plan to your shopping list and start enjoying your cell phone service today!",
		"longDescription": "Get a new phone with no complicated carrier contract. Prepaid iPhones from Straight Talk offer access to the largest, most dependable, nationwide 4G LTE networks with no contract.Shoot your own HD photos and videos with this models 8-megapixel camera. Record Full HD video at 60 frames per second or get it in slow-motion with a whopping 240 FPS!Beautiful Retina Display. Apples&rsquo; proprietary retina display puts you closer to anything and everything that graces your screen.This iPhone comes with everything you need to enjoy iOS. Unpack your phone, charger, and earbuds, and set up your iTunes account then you&rsquo;re ready to connect to Straight Talks nationwide 4G LTE networks.Simplify your smart phone experience and get everything for less with Straight Talk. For more information on any of our prepaid phone plans, text* HELP to 611611. Key Features:4G LTEApple iOS4.7&quot; Retina HD displayBattery Talk Time up to 24 hoursWi-Fi CapableDimensions: 5.44&quot; H x 2.64&quot; W x 0.27 &quot; D8 MP Camera/ 1.2 MP Front Facing CameraGPS CapabilitiesBluetooth 4.1 Wireless Technology",
		"thumbnailImage": "https://i5.walmartimages.com/asr/f5608778-2a32-4b49-bbdc-10b7edb11e19_1.f583d9ee5b2fc78a0dd64a305adf3ef4.jpeg?odnHeight=100&odnWidth=100&odnBg=FFFFFF",
		"mediumImage": "https://i5.walmartimages.com/asr/f5608778-2a32-4b49-bbdc-10b7edb11e19_1.f583d9ee5b2fc78a0dd64a305adf3ef4.jpeg?odnHeight=180&odnWidth=180&odnBg=FFFFFF",
		"largeImage": "https://i5.walmartimages.com/asr/f5608778-2a32-4b49-bbdc-10b7edb11e19_1.f583d9ee5b2fc78a0dd64a305adf3ef4.jpeg?odnHeight=450&odnWidth=450&odnBg=FFFFFF",
		"productTrackingUrl": "http://linksynergy.walmart.com/fs-bin/click?id=|LSNID|&offerid=223073.7200&type=14&catid=8&subid=0&hid=7200&tmpid=1082&RD_PARM1=https%253A%252F%252Fwww.walmart.com%252Fip%252FStraight-Talk-Prepaid-Apple-iPhone-6-32GB-Space-Gray-Limit-2-Sales-Prepaid-Phones-restricted-2-devices-per-customer-within-21-day-period-across-Brands%252F329264833%253Faffp1%253DYlV2s68lfVfUlXVwMlHhcZ3QD9X-GFq-UV2qDRVwUwM%2526affilsrc%253Dapi",
		"standardShipRate": 0.0,
		"marketplace": false,
		"modelNumber": "GPAPI6C32GYP.2",
		"productUrl": "http://c.affil.walmart.com/t/api02?l=https%3A%2F%2Fwww.walmart.com%2Fip%2FStraight-Talk-Prepaid-Apple-iPhone-6-32GB-Space-Gray-Limit-2-Sales-Prepaid-Phones-restricted-2-devices-per-customer-within-21-day-period-across-Brands%2F329264833%3Faffp1%3DYlV2s68lfVfUlXVwMlHhcZ3QD9X-GFq-UV2qDRVwUwM%26affilsrc%3Dapi%26veh%3Daff%26wmlspartner%3Dreadonlyapi",
		"customerRating": "4.215",
		"numReviews": 223,
		"customerRatingImage": "http://i2.walmartimages.com/i/CustRating/4_2.gif",
		"categoryNode": "1105910_1127173_1231261",
		"rhid": "32428",
		"bundle": false,
		"stock": "Not available",
		"addToCartUrl": "http://c.affil.walmart.com/t/api02?l=http%3A%2F%2Faffil.walmart.com%2Fcart%2FaddToCart%3Fitems%3D329264833%7C1%26affp1%3DYlV2s68lfVfUlXVwMlHhcZ3QD9X-GFq-UV2qDRVwUwM%26affilsrc%3Dapi%26veh%3Daff%26wmlspartner%3Dreadonlyapi",
		"affiliateAddToCartUrl": "http://linksynergy.walmart.com/fs-bin/click?id=|LSNID|&offerid=223073.7200&type=14&catid=8&subid=0&hid=7200&tmpid=1082&RD_PARM1=http%253A%252F%252Faffil.walmart.com%252Fcart%252FaddToCart%253Fitems%253D329264833%257C1%2526affp1%253DYlV2s68lfVfUlXVwMlHhcZ3QD9X-GFq-UV2qDRVwUwM%2526affilsrc%253Dapi",
		"giftOptions": {},
		"imageEntities": [{
			"thumbnailImage": "https://i5.walmartimages.com/asr/96562448-fb40-47a3-8a99-af0ab0f4ef4d_2.3f93caa112fb1a8ff372c2db8ae3779b.jpeg?odnHeight=100&odnWidth=100&odnBg=FFFFFF",
			"mediumImage": "https://i5.walmartimages.com/asr/96562448-fb40-47a3-8a99-af0ab0f4ef4d_2.3f93caa112fb1a8ff372c2db8ae3779b.jpeg?odnHeight=180&odnWidth=180&odnBg=FFFFFF",
			"largeImage": "https://i5.walmartimages.com/asr/96562448-fb40-47a3-8a99-af0ab0f4ef4d_2.3f93caa112fb1a8ff372c2db8ae3779b.jpeg?odnHeight=450&odnWidth=450&odnBg=FFFFFF",
			"entityType": "SECONDARY"
		}, {
			"thumbnailImage": "https://i5.walmartimages.com/asr/c6fc9fa3-1d33-4bec-ab35-119ae34baf7f_1.53444e165cd4684f504da9b32f449b35.jpeg?odnHeight=100&odnWidth=100&odnBg=FFFFFF",
			"mediumImage": "https://i5.walmartimages.com/asr/c6fc9fa3-1d33-4bec-ab35-119ae34baf7f_1.53444e165cd4684f504da9b32f449b35.jpeg?odnHeight=180&odnWidth=180&odnBg=FFFFFF",
			"largeImage": "https://i5.walmartimages.com/asr/c6fc9fa3-1d33-4bec-ab35-119ae34baf7f_1.53444e165cd4684f504da9b32f449b35.jpeg?odnHeight=450&odnWidth=450&odnBg=FFFFFF",
			"entityType": "SECONDARY"
		}, {
			"thumbnailImage": "https://i5.walmartimages.com/asr/f5608778-2a32-4b49-bbdc-10b7edb11e19_1.f583d9ee5b2fc78a0dd64a305adf3ef4.jpeg?odnHeight=100&odnWidth=100&odnBg=FFFFFF",
			"mediumImage": "https://i5.walmartimages.com/asr/f5608778-2a32-4b49-bbdc-10b7edb11e19_1.f583d9ee5b2fc78a0dd64a305adf3ef4.jpeg?odnHeight=180&odnWidth=180&odnBg=FFFFFF",
			"largeImage": "https://i5.walmartimages.com/asr/f5608778-2a32-4b49-bbdc-10b7edb11e19_1.f583d9ee5b2fc78a0dd64a305adf3ef4.jpeg?odnHeight=450&odnWidth=450&odnBg=FFFFFF",
			"entityType": "PRIMARY"
		}],
		"offerType": "ONLINE_AND_STORE",
		"isTwoDayShippingEligible": false,
		"availableOnline": false
	}, {
		"itemId": 267559653,
		"parentItemId": 267559653,
		"name": "AT&T PREPAID Apple iPhone 6 32GB Prepaid Smartphone, Silver",
		"msrp": 299.99,
		"salePrice": 163.81,
		"upc": "607376469884",
		"categoryPath": "Cell Phones/iPhones/iPhone 6",
		"shortDescription": "iPhone 6 features a 4.7-inch Retina HD display. An A8 chip with 64-bit desktop-class architecture. 8 MegaPixel camera with Focus Pixels. Touch ID. Fast LTE",
		"longDescription": "AT&amp;T Apple iPhone 6 Prepaid",
		"thumbnailImage": "https://i5.walmartimages.com/asr/6fca43e4-052c-43de-9009-478dcc2c00c9_1.a50d81821ae86a50014a2cf7c841effb.jpeg?odnHeight=100&odnWidth=100&odnBg=FFFFFF",
		"mediumImage": "https://i5.walmartimages.com/asr/6fca43e4-052c-43de-9009-478dcc2c00c9_1.a50d81821ae86a50014a2cf7c841effb.jpeg?odnHeight=180&odnWidth=180&odnBg=FFFFFF",
		"largeImage": "https://i5.walmartimages.com/asr/6fca43e4-052c-43de-9009-478dcc2c00c9_1.a50d81821ae86a50014a2cf7c841effb.jpeg?odnHeight=450&odnWidth=450&odnBg=FFFFFF",
		"productTrackingUrl": "http://linksynergy.walmart.com/fs-bin/click?id=|LSNID|&offerid=223073.7200&type=14&catid=8&subid=0&hid=7200&tmpid=1082&RD_PARM1=https%253A%252F%252Fwww.walmart.com%252Fip%252FAT-T-PREPAID-Apple-iPhone-6-32GB-Prepaid-Smartphone-Silver%252F267559653%253Faffp1%253DYlV2s68lfVfUlXVwMlHhcZ3QD9X-GFq-UV2qDRVwUwM%2526affilsrc%253Dapi",
		"standardShipRate": 0.0,
		"marketplace": false,
		"modelNumber": "6083B",
		"productUrl": "http://c.affil.walmart.com/t/api02?l=https%3A%2F%2Fwww.walmart.com%2Fip%2FAT-T-PREPAID-Apple-iPhone-6-32GB-Prepaid-Smartphone-Silver%2F267559653%3Faffp1%3DYlV2s68lfVfUlXVwMlHhcZ3QD9X-GFq-UV2qDRVwUwM%26affilsrc%3Dapi%26veh%3Daff%26wmlspartner%3Dreadonlyapi",
		"customerRating": "4.444",
		"numReviews": 9,
		"customerRatingImage": "http://i2.walmartimages.com/i/CustRating/4_4.gif",
		"categoryNode": "1105910_1127173_1231261",
		"rhid": "35413",
		"bundle": false,
		"stock": "Not available",
		"addToCartUrl": "http://c.affil.walmart.com/t/api02?l=http%3A%2F%2Faffil.walmart.com%2Fcart%2FaddToCart%3Fitems%3D267559653%7C1%26affp1%3DYlV2s68lfVfUlXVwMlHhcZ3QD9X-GFq-UV2qDRVwUwM%26affilsrc%3Dapi%26veh%3Daff%26wmlspartner%3Dreadonlyapi",
		"affiliateAddToCartUrl": "http://linksynergy.walmart.com/fs-bin/click?id=|LSNID|&offerid=223073.7200&type=14&catid=8&subid=0&hid=7200&tmpid=1082&RD_PARM1=http%253A%252F%252Faffil.walmart.com%252Fcart%252FaddToCart%253Fitems%253D267559653%257C1%2526affp1%253DYlV2s68lfVfUlXVwMlHhcZ3QD9X-GFq-UV2qDRVwUwM%2526affilsrc%253Dapi",
		"giftOptions": {},
		"imageEntities": [{
			"thumbnailImage": "https://i5.walmartimages.com/asr/f5b0c710-5bac-4bf5-8703-847ce5cd08ac_1.fab6b943d4776dfcc52a5d87830e94dd.jpeg?odnHeight=100&odnWidth=100&odnBg=FFFFFF",
			"mediumImage": "https://i5.walmartimages.com/asr/f5b0c710-5bac-4bf5-8703-847ce5cd08ac_1.fab6b943d4776dfcc52a5d87830e94dd.jpeg?odnHeight=180&odnWidth=180&odnBg=FFFFFF",
			"largeImage": "https://i5.walmartimages.com/asr/f5b0c710-5bac-4bf5-8703-847ce5cd08ac_1.fab6b943d4776dfcc52a5d87830e94dd.jpeg?odnHeight=450&odnWidth=450&odnBg=FFFFFF",
			"entityType": "SECONDARY"
		}, {
			"thumbnailImage": "https://i5.walmartimages.com/asr/6fca43e4-052c-43de-9009-478dcc2c00c9_1.a50d81821ae86a50014a2cf7c841effb.jpeg?odnHeight=100&odnWidth=100&odnBg=FFFFFF",
			"mediumImage": "https://i5.walmartimages.com/asr/6fca43e4-052c-43de-9009-478dcc2c00c9_1.a50d81821ae86a50014a2cf7c841effb.jpeg?odnHeight=180&odnWidth=180&odnBg=FFFFFF",
			"largeImage": "https://i5.walmartimages.com/asr/6fca43e4-052c-43de-9009-478dcc2c00c9_1.a50d81821ae86a50014a2cf7c841effb.jpeg?odnHeight=450&odnWidth=450&odnBg=FFFFFF",
			"entityType": "PRIMARY"
		}],
		"offerType": "ONLINE_AND_STORE",
		"isTwoDayShippingEligible": false,
		"availableOnline": false
	}, {
		"itemId": 103170294,
		"parentItemId": 103170294,
		"name": "Refurbished Apple iPhone 6 Plus 64GB, Space Gray - Unlocked GSM",
		"msrp": 359.99,
		"salePrice": 239.89,
		"upc": "856139006112",
		"categoryPath": "Cell Phones/iPhones/Refurbished iPhone/Refurbished iPhone 6 Plus",
		"shortDescription": "iPhone 6 Plus features a stunning 5.5&ndash;inch Retina HD display, amazing cameras, and many advanced features, all in a breakthrough design. With innovations that deliver higher contrast, dual-domain pixels for more accurate color at wider viewing angles, and an improved polarizer, these are the thinnest, most advanced Multi-Touch displays. Its incredible power is enhanced by an M8 motion coprocessor that efficiently measures your activity from advanced sensors, including a new barometer. So you can do more, for longer periods of time, with better performance and battery life. They support advanced camera and video features, like new Focus Pixels, better face detection, continuous autofocus, and enhanced noise reduction, so it's easier to shoot higher-quality photos and videos. It lets you shoot stunning 1080p HD video at 60 fps, capture more dramatic slo-mo video, and for the first time, create time-lapse videos. Continuous autofocus provides constant focus as you capture your footage. And cinematic video stabilization keeps your shots steady, even when you're not. This refurbished phone undergoes an extensive certification process to ensure it meets the highest standards. Phone is guaranteed to be fully functional and will have some cosmetic blemishes. Phone comes in non-original packaging with a charger and a data cable. Phone will not work with Sprint, Verizon, Boost Mobile, Virgin Mobile or any other CDMA network.",
		"longDescription": "5.5-inch LED-backlit IPS LCD Capacitive Touchscreen, 1080 x 1920 pixel resolution with Ion-strengthened Glass, Oleophobic CoatingiOS, Chipset: Apple A8, Processor: Dual-Core 1.4 GHz Typhoon (ARM v8-based), GPU: PowerVR GX6450 (Quad-Core Graphics)8 Megapixel Camera with f/2.2, 29mm, phase detection autofocus, dual-LED (dual tone) flash, OIS, 1/3&quot; sensor size, 1.5 ?m pixel size + 1.2 Megapixel Front Camera with f/2.2, 31mm, 720p@30fpsInternal Memory: 64GB, 1GB RAM",
		"thumbnailImage": "https://i5.walmartimages.com/asr/9ce291fa-322e-4439-9246-a20c74c33e6e_1.8638933623f530c57884fa80996d6ae5.jpeg?odnHeight=100&odnWidth=100&odnBg=FFFFFF",
		"mediumImage": "https://i5.walmartimages.com/asr/9ce291fa-322e-4439-9246-a20c74c33e6e_1.8638933623f530c57884fa80996d6ae5.jpeg?odnHeight=180&odnWidth=180&odnBg=FFFFFF",
		"largeImage": "https://i5.walmartimages.com/asr/9ce291fa-322e-4439-9246-a20c74c33e6e_1.8638933623f530c57884fa80996d6ae5.jpeg?odnHeight=450&odnWidth=450&odnBg=FFFFFF",
		"productTrackingUrl": "http://linksynergy.walmart.com/fs-bin/click?id=|LSNID|&offerid=223073.7200&type=14&catid=8&subid=0&hid=7200&tmpid=1082&RD_PARM1=https%253A%252F%252Fwww.walmart.com%252Fip%252FRefurbished-Apple-iPhone-6-Plus-64GB-Space-Gray-Unlocked-GSM%252F103170294%253Faffp1%253DYlV2s68lfVfUlXVwMlHhcZ3QD9X-GFq-UV2qDRVwUwM%2526affilsrc%253Dapi",
		"standardShipRate": 0.0,
		"marketplace": true,
		"modelNumber": "Iphone 6 Plus",
		"sellerInfo": "Smarter",
		"productUrl": "http://c.affil.walmart.com/t/api02?l=https%3A%2F%2Fwww.walmart.com%2Fip%2FRefurbished-Apple-iPhone-6-Plus-64GB-Space-Gray-Unlocked-GSM%2F103170294%3Faffp1%3DYlV2s68lfVfUlXVwMlHhcZ3QD9X-GFq-UV2qDRVwUwM%26affilsrc%3Dapi%26veh%3Daff%26wmlspartner%3Dreadonlyapi",
		"customerRating": "2.462",
		"numReviews": 13,
		"customerRatingImage": "http://i2.walmartimages.com/i/CustRating/2_5.gif",
		"categoryNode": "1105910_1127173_4907762",
		"rhid": "35415",
		"bundle": false,
		"stock": "Available",
		"addToCartUrl": "http://c.affil.walmart.com/t/api02?l=http%3A%2F%2Faffil.walmart.com%2Fcart%2FaddToCart%3Fitems%3D103170294%7C1%26affp1%3DYlV2s68lfVfUlXVwMlHhcZ3QD9X-GFq-UV2qDRVwUwM%26affilsrc%3Dapi%26veh%3Daff%26wmlspartner%3Dreadonlyapi",
		"affiliateAddToCartUrl": "http://linksynergy.walmart.com/fs-bin/click?id=|LSNID|&offerid=223073.7200&type=14&catid=8&subid=0&hid=7200&tmpid=1082&RD_PARM1=http%253A%252F%252Faffil.walmart.com%252Fcart%252FaddToCart%253Fitems%253D103170294%257C1%2526affp1%253DYlV2s68lfVfUlXVwMlHhcZ3QD9X-GFq-UV2qDRVwUwM%2526affilsrc%253Dapi",
		"freeShippingOver35Dollars": false,
		"giftOptions": {},
		"imageEntities": [{
			"thumbnailImage": "https://i5.walmartimages.com/asr/d8d36764-7103-430c-90cf-5a4148d78c27_1.c26c5c3d0cb011c8bd11138286cbf49f.jpeg?odnHeight=100&odnWidth=100&odnBg=FFFFFF",
			"mediumImage": "https://i5.walmartimages.com/asr/d8d36764-7103-430c-90cf-5a4148d78c27_1.c26c5c3d0cb011c8bd11138286cbf49f.jpeg?odnHeight=180&odnWidth=180&odnBg=FFFFFF",
			"largeImage": "https://i5.walmartimages.com/asr/d8d36764-7103-430c-90cf-5a4148d78c27_1.c26c5c3d0cb011c8bd11138286cbf49f.jpeg?odnHeight=450&odnWidth=450&odnBg=FFFFFF",
			"entityType": "SECONDARY"
		}, {
			"thumbnailImage": "https://i5.walmartimages.com/asr/05a25734-e00e-488c-a06d-8f4801899629_1.224bd727509d7cef018a7c2803d7f1fa.jpeg?odnHeight=100&odnWidth=100&odnBg=FFFFFF",
			"mediumImage": "https://i5.walmartimages.com/asr/05a25734-e00e-488c-a06d-8f4801899629_1.224bd727509d7cef018a7c2803d7f1fa.jpeg?odnHeight=180&odnWidth=180&odnBg=FFFFFF",
			"largeImage": "https://i5.walmartimages.com/asr/05a25734-e00e-488c-a06d-8f4801899629_1.224bd727509d7cef018a7c2803d7f1fa.jpeg?odnHeight=450&odnWidth=450&odnBg=FFFFFF",
			"entityType": "SECONDARY"
		}, {
			"thumbnailImage": "https://i5.walmartimages.com/asr/9ce291fa-322e-4439-9246-a20c74c33e6e_1.8638933623f530c57884fa80996d6ae5.jpeg?odnHeight=100&odnWidth=100&odnBg=FFFFFF",
			"mediumImage": "https://i5.walmartimages.com/asr/9ce291fa-322e-4439-9246-a20c74c33e6e_1.8638933623f530c57884fa80996d6ae5.jpeg?odnHeight=180&odnWidth=180&odnBg=FFFFFF",
			"largeImage": "https://i5.walmartimages.com/asr/9ce291fa-322e-4439-9246-a20c74c33e6e_1.8638933623f530c57884fa80996d6ae5.jpeg?odnHeight=450&odnWidth=450&odnBg=FFFFFF",
			"entityType": "PRIMARY"
		}],
		"offerType": "ONLINE_ONLY",
		"availableOnline": true
	}, {
		"itemId": 204751327,
		"parentItemId": 204751327,
		"name": "Refurbished Apple iPhone 7 Plus 128GB, Silver - Unlocked GSM",
		"msrp": 799.99,
		"salePrice": 434.08,
		"upc": "709951796672",
		"categoryPath": "Cell Phones/iPhones/Refurbished iPhone/Refurbished iPhone 7 Plus",
		"shortDescription": "This device has been certified by our industry leading software and is 100% fully functional. This device will show light signs of use such as scratches, scuffs &amp; nicks on the housing and screen. Wall block and USB cable included. Sim card and earbuds are NOT included.",
		"longDescription": "Seller Refurbished Apple iPhone 7 Plus 128GB Unlocked GSM Phone Multi Colors (Silver/White)",
		"thumbnailImage": "https://i5.walmartimages.com/asr/00b051ee-366c-418b-b306-f2f1986ce26e_1.239597e3f421b211b69dffd0ea6142f7.jpeg?odnHeight=100&odnWidth=100&odnBg=FFFFFF",
		"mediumImage": "https://i5.walmartimages.com/asr/00b051ee-366c-418b-b306-f2f1986ce26e_1.239597e3f421b211b69dffd0ea6142f7.jpeg?odnHeight=180&odnWidth=180&odnBg=FFFFFF",
		"largeImage": "https://i5.walmartimages.com/asr/00b051ee-366c-418b-b306-f2f1986ce26e_1.239597e3f421b211b69dffd0ea6142f7.jpeg?odnHeight=450&odnWidth=450&odnBg=FFFFFF",
		"productTrackingUrl": "http://linksynergy.walmart.com/fs-bin/click?id=|LSNID|&offerid=223073.7200&type=14&catid=8&subid=0&hid=7200&tmpid=1082&RD_PARM1=https%253A%252F%252Fwww.walmart.com%252Fip%252FRefurbished-Apple-iPhone-7-Plus-128GB-Silver-Unlocked-GSM%252F204751327%253Faffp1%253DYlV2s68lfVfUlXVwMlHhcZ3QD9X-GFq-UV2qDRVwUwM%2526affilsrc%253Dapi",
		"standardShipRate": 0.0,
		"marketplace": true,
		"modelNumber": "iPhone 7 Plus",
		"sellerInfo": "Smarter",
		"productUrl": "http://c.affil.walmart.com/t/api02?l=https%3A%2F%2Fwww.walmart.com%2Fip%2FRefurbished-Apple-iPhone-7-Plus-128GB-Silver-Unlocked-GSM%2F204751327%3Faffp1%3DYlV2s68lfVfUlXVwMlHhcZ3QD9X-GFq-UV2qDRVwUwM%26affilsrc%3Dapi%26veh%3Daff%26wmlspartner%3Dreadonlyapi",
		"customerRating": "3.0",
		"numReviews": 2,
		"customerRatingImage": "http://i2.walmartimages.com/i/CustRating/3.gif",
		"categoryNode": "1105910_1127173_4907762",
		"rhid": "35415",
		"bundle": false,
		"stock": "Available",
		"addToCartUrl": "http://c.affil.walmart.com/t/api02?l=http%3A%2F%2Faffil.walmart.com%2Fcart%2FaddToCart%3Fitems%3D204751327%7C1%26affp1%3DYlV2s68lfVfUlXVwMlHhcZ3QD9X-GFq-UV2qDRVwUwM%26affilsrc%3Dapi%26veh%3Daff%26wmlspartner%3Dreadonlyapi",
		"affiliateAddToCartUrl": "http://linksynergy.walmart.com/fs-bin/click?id=|LSNID|&offerid=223073.7200&type=14&catid=8&subid=0&hid=7200&tmpid=1082&RD_PARM1=http%253A%252F%252Faffil.walmart.com%252Fcart%252FaddToCart%253Fitems%253D204751327%257C1%2526affp1%253DYlV2s68lfVfUlXVwMlHhcZ3QD9X-GFq-UV2qDRVwUwM%2526affilsrc%253Dapi",
		"freeShippingOver35Dollars": false,
		"giftOptions": {},
		"imageEntities": [{
			"thumbnailImage": "https://i5.walmartimages.com/asr/2d800ea8-bc98-4bd6-b165-edcc92c229aa_1.c69283a6eeb48ee3665d5d1db7b8d778.jpeg?odnHeight=100&odnWidth=100&odnBg=FFFFFF",
			"mediumImage": "https://i5.walmartimages.com/asr/2d800ea8-bc98-4bd6-b165-edcc92c229aa_1.c69283a6eeb48ee3665d5d1db7b8d778.jpeg?odnHeight=180&odnWidth=180&odnBg=FFFFFF",
			"largeImage": "https://i5.walmartimages.com/asr/2d800ea8-bc98-4bd6-b165-edcc92c229aa_1.c69283a6eeb48ee3665d5d1db7b8d778.jpeg?odnHeight=450&odnWidth=450&odnBg=FFFFFF",
			"entityType": "SECONDARY"
		}, {
			"thumbnailImage": "https://i5.walmartimages.com/asr/00b051ee-366c-418b-b306-f2f1986ce26e_1.239597e3f421b211b69dffd0ea6142f7.jpeg?odnHeight=100&odnWidth=100&odnBg=FFFFFF",
			"mediumImage": "https://i5.walmartimages.com/asr/00b051ee-366c-418b-b306-f2f1986ce26e_1.239597e3f421b211b69dffd0ea6142f7.jpeg?odnHeight=180&odnWidth=180&odnBg=FFFFFF",
			"largeImage": "https://i5.walmartimages.com/asr/00b051ee-366c-418b-b306-f2f1986ce26e_1.239597e3f421b211b69dffd0ea6142f7.jpeg?odnHeight=450&odnWidth=450&odnBg=FFFFFF",
			"entityType": "PRIMARY"
		}],
		"offerType": "ONLINE_ONLY",
		"availableOnline": true
	}, {
		"itemId": 638521568,
		"parentItemId": 638521568,
		"name": "Seller Refurbished Apple iPhone 7 32GB Unlocked GSM Phone Multi Colors (Jet Black)",
		"msrp": 799.99,
		"salePrice": 341.33,
		"upc": "709951796054",
		"categoryPath": "Cell Phones/iPhones/Refurbished iPhone/Refurbished iPhone 7",
		"shortDescription": "This device has been certified by our industry leading software and is 100% fully functional. This device will show light signs of use such as scratches, scuffs &amp; nicks on the housing and screen. Wall block and USB cable included. Sim card and earbuds are NOT included.",
		"longDescription": "Seller Refurbished Apple iPhone 7 32GB Unlocked GSM Phone Multi Colors (Jet Black)",
		"thumbnailImage": "https://i5.walmartimages.com/asr/d4a1d05f-dc5b-402f-8cbe-1ed4cb56c4b6_1.302af3fb1e69d38e589d12b6e5f724a4.jpeg?odnHeight=100&odnWidth=100&odnBg=FFFFFF",
		"mediumImage": "https://i5.walmartimages.com/asr/d4a1d05f-dc5b-402f-8cbe-1ed4cb56c4b6_1.302af3fb1e69d38e589d12b6e5f724a4.jpeg?odnHeight=180&odnWidth=180&odnBg=FFFFFF",
		"largeImage": "https://i5.walmartimages.com/asr/d4a1d05f-dc5b-402f-8cbe-1ed4cb56c4b6_1.302af3fb1e69d38e589d12b6e5f724a4.jpeg?odnHeight=450&odnWidth=450&odnBg=FFFFFF",
		"productTrackingUrl": "http://linksynergy.walmart.com/fs-bin/click?id=|LSNID|&offerid=223073.7200&type=14&catid=8&subid=0&hid=7200&tmpid=1082&RD_PARM1=https%253A%252F%252Fwww.walmart.com%252Fip%252FSeller-Refurbished-Apple-iPhone-7-32GB-Unlocked-GSM-Phone-Multi-Colors-Jet-Black%252F638521568%253Faffp1%253DYlV2s68lfVfUlXVwMlHhcZ3QD9X-GFq-UV2qDRVwUwM%2526affilsrc%253Dapi",
		"standardShipRate": 0.0,
		"marketplace": true,
		"modelNumber": "iPhone 7",
		"sellerInfo": "Smarter",
		"productUrl": "http://c.affil.walmart.com/t/api02?l=https%3A%2F%2Fwww.walmart.com%2Fip%2FSeller-Refurbished-Apple-iPhone-7-32GB-Unlocked-GSM-Phone-Multi-Colors-Jet-Black%2F638521568%3Faffp1%3DYlV2s68lfVfUlXVwMlHhcZ3QD9X-GFq-UV2qDRVwUwM%26affilsrc%3Dapi%26veh%3Daff%26wmlspartner%3Dreadonlyapi",
		"categoryNode": "1105910_1127173_4907762",
		"rhid": "35415",
		"bundle": false,
		"stock": "Available",
		"addToCartUrl": "http://c.affil.walmart.com/t/api02?l=http%3A%2F%2Faffil.walmart.com%2Fcart%2FaddToCart%3Fitems%3D638521568%7C1%26affp1%3DYlV2s68lfVfUlXVwMlHhcZ3QD9X-GFq-UV2qDRVwUwM%26affilsrc%3Dapi%26veh%3Daff%26wmlspartner%3Dreadonlyapi",
		"affiliateAddToCartUrl": "http://linksynergy.walmart.com/fs-bin/click?id=|LSNID|&offerid=223073.7200&type=14&catid=8&subid=0&hid=7200&tmpid=1082&RD_PARM1=http%253A%252F%252Faffil.walmart.com%252Fcart%252FaddToCart%253Fitems%253D638521568%257C1%2526affp1%253DYlV2s68lfVfUlXVwMlHhcZ3QD9X-GFq-UV2qDRVwUwM%2526affilsrc%253Dapi",
		"freeShippingOver35Dollars": false,
		"giftOptions": {},
		"imageEntities": [{
			"thumbnailImage": "https://i5.walmartimages.com/asr/025cb06b-a44f-49a6-865e-b3c63feb92c0_1.ce885b3db0d85e51e9b6f2f41abead58.jpeg?odnHeight=100&odnWidth=100&odnBg=FFFFFF",
			"mediumImage": "https://i5.walmartimages.com/asr/025cb06b-a44f-49a6-865e-b3c63feb92c0_1.ce885b3db0d85e51e9b6f2f41abead58.jpeg?odnHeight=180&odnWidth=180&odnBg=FFFFFF",
			"largeImage": "https://i5.walmartimages.com/asr/025cb06b-a44f-49a6-865e-b3c63feb92c0_1.ce885b3db0d85e51e9b6f2f41abead58.jpeg?odnHeight=450&odnWidth=450&odnBg=FFFFFF",
			"entityType": "SECONDARY"
		}, {
			"thumbnailImage": "https://i5.walmartimages.com/asr/d4a1d05f-dc5b-402f-8cbe-1ed4cb56c4b6_1.302af3fb1e69d38e589d12b6e5f724a4.jpeg?odnHeight=100&odnWidth=100&odnBg=FFFFFF",
			"mediumImage": "https://i5.walmartimages.com/asr/d4a1d05f-dc5b-402f-8cbe-1ed4cb56c4b6_1.302af3fb1e69d38e589d12b6e5f724a4.jpeg?odnHeight=180&odnWidth=180&odnBg=FFFFFF",
			"largeImage": "https://i5.walmartimages.com/asr/d4a1d05f-dc5b-402f-8cbe-1ed4cb56c4b6_1.302af3fb1e69d38e589d12b6e5f724a4.jpeg?odnHeight=450&odnWidth=450&odnBg=FFFFFF",
			"entityType": "PRIMARY"
		}],
		"offerType": "ONLINE_ONLY",
		"availableOnline": true
	}, {
		"itemId": 675682736,
		"parentItemId": 675682736,
		"name": "Used (Good Condition) Apple iPhone 7 Plus 32GB Unlocked GSM Smartphone Multi Colors (Jet Black)",
		"msrp": 799.99,
		"salePrice": 483.0,
		"upc": "709951796559",
		"categoryPath": "Cell Phones/iPhones/Refurbished iPhone/Refurbished iPhone 7 Plus",
		"shortDescription": "This is an iPhone 7 Plus in Used Condition. Item is fully functional. With a clean ESN. Item will show signs of use. There will be both scratches and dents on the front, back, and corners of the product. Device Is Unlocked For All GSM Carriers (T-Mobile, AT&amp;T, Ultra Mobile, Simple Mobile, Cricket, Etc..)! Will NOT Work With Any Other CDMA Carriers (Sprint, Verizon, Boost Mobile, Page Plus, Etc..)PACKAGE CONTENTS:- iPhone 7 Plus- Lightning Cable- Wall Charger*Please Note*Item comes packaged in an Aftermarket Box with Aftermarket Accessories.SIM Card, User Manual &amp; Headsets are NOT included!",
		"longDescription": "3G Data Capable,4G Data Capable,Bluetooth Enabled,Fingerprint Sensor,GPS,Internet Browser,Music Player,Speakerphone,Touchscreen,Wi-Fi Capable,Dual-Lens Camera",
		"thumbnailImage": "https://i5.walmartimages.com/asr/05523096-eb9a-49ab-88e9-45c488268453_1.887bacd7df15166a533a3af4cf873d38.jpeg?odnHeight=100&odnWidth=100&odnBg=FFFFFF",
		"mediumImage": "https://i5.walmartimages.com/asr/05523096-eb9a-49ab-88e9-45c488268453_1.887bacd7df15166a533a3af4cf873d38.jpeg?odnHeight=180&odnWidth=180&odnBg=FFFFFF",
		"largeImage": "https://i5.walmartimages.com/asr/05523096-eb9a-49ab-88e9-45c488268453_1.887bacd7df15166a533a3af4cf873d38.jpeg?odnHeight=450&odnWidth=450&odnBg=FFFFFF",
		"productTrackingUrl": "http://linksynergy.walmart.com/fs-bin/click?id=|LSNID|&offerid=223073.7200&type=14&catid=8&subid=0&hid=7200&tmpid=1082&RD_PARM1=https%253A%252F%252Fwww.walmart.com%252Fip%252FUsed-Good-Condition-Apple-iPhone-7-Plus-32GB-Unlocked-GSM-Smartphone-Multi-Colors-Jet-Black%252F675682736%253Faffp1%253DYlV2s68lfVfUlXVwMlHhcZ3QD9X-GFq-UV2qDRVwUwM%2526affilsrc%253Dapi",
		"standardShipRate": 0.0,
		"marketplace": true,
		"modelNumber": "iPhone 7 Plus",
		"sellerInfo": "iMacket",
		"productUrl": "http://c.affil.walmart.com/t/api02?l=https%3A%2F%2Fwww.walmart.com%2Fip%2FUsed-Good-Condition-Apple-iPhone-7-Plus-32GB-Unlocked-GSM-Smartphone-Multi-Colors-Jet-Black%2F675682736%3Faffp1%3DYlV2s68lfVfUlXVwMlHhcZ3QD9X-GFq-UV2qDRVwUwM%26affilsrc%3Dapi%26veh%3Daff%26wmlspartner%3Dreadonlyapi",
		"customerRating": "4.0",
		"numReviews": 2,
		"customerRatingImage": "http://i2.walmartimages.com/i/CustRating/4.gif",
		"categoryNode": "1105910_1127173_4907762",
		"rhid": "35415",
		"bundle": false,
		"stock": "Available",
		"addToCartUrl": "http://c.affil.walmart.com/t/api02?l=http%3A%2F%2Faffil.walmart.com%2Fcart%2FaddToCart%3Fitems%3D675682736%7C1%26affp1%3DYlV2s68lfVfUlXVwMlHhcZ3QD9X-GFq-UV2qDRVwUwM%26affilsrc%3Dapi%26veh%3Daff%26wmlspartner%3Dreadonlyapi",
		"affiliateAddToCartUrl": "http://linksynergy.walmart.com/fs-bin/click?id=|LSNID|&offerid=223073.7200&type=14&catid=8&subid=0&hid=7200&tmpid=1082&RD_PARM1=http%253A%252F%252Faffil.walmart.com%252Fcart%252FaddToCart%253Fitems%253D675682736%257C1%2526affp1%253DYlV2s68lfVfUlXVwMlHhcZ3QD9X-GFq-UV2qDRVwUwM%2526affilsrc%253Dapi",
		"freeShippingOver35Dollars": false,
		"giftOptions": {},
		"imageEntities": [{
			"thumbnailImage": "https://i5.walmartimages.com/asr/05523096-eb9a-49ab-88e9-45c488268453_1.887bacd7df15166a533a3af4cf873d38.jpeg?odnHeight=100&odnWidth=100&odnBg=FFFFFF",
			"mediumImage": "https://i5.walmartimages.com/asr/05523096-eb9a-49ab-88e9-45c488268453_1.887bacd7df15166a533a3af4cf873d38.jpeg?odnHeight=180&odnWidth=180&odnBg=FFFFFF",
			"largeImage": "https://i5.walmartimages.com/asr/05523096-eb9a-49ab-88e9-45c488268453_1.887bacd7df15166a533a3af4cf873d38.jpeg?odnHeight=450&odnWidth=450&odnBg=FFFFFF",
			"entityType": "PRIMARY"
		}],
		"offerType": "ONLINE_ONLY",
		"availableOnline": true
	}, {
		"itemId": 591451668,
		"parentItemId": 591451668,
		"name": "Refurbished Apple iPhone 6 16GB, Silver - Unlocked GSM",
		"msrp": 699.99,
		"salePrice": 139.99,
		"upc": "680168538630",
		"categoryPath": "Cell Phones/iPhones/Refurbished iPhone/Refurbished iPhone 6",
		"shortDescription": "This Apple iPhone 6 has been determined fully functional by our industry leading functionality inspection. It will show signs of wear like scratches, scuffs, and minor nicks on the screen or body. This item will NOT come in its original packaging but will include a certified cable and UL approved power adapter. It is fully functional with T-Mobile, AT&amp;T and all other GSM networks. It will NOT work on Sprint, Verizon, Boost, Virgin Mobile or any other CDMA network PACKAGE CONTENTS:*iPhone 6 (in Space Grey, Gold, or Silver depends on the color you order)-Lightning Cable-Wall Charger*Please Note*Item comes packaged in an Aftermarket Box.SIM Card, User Manual &amp; Headsets are NOT included!",
		"longDescription": "3G Data Capable,4G Data Capable,Bluetooth Enabled,Fingerprint Sensor,GPS,Internet Browser,Music Player,Speakerphone,Touchscreen,Wi-Fi Capable",
		"thumbnailImage": "https://i5.walmartimages.com/asr/bef8722b-4175-45eb-bc1a-1d15733cd9de_1.fedd8caaaf91a9ee6a1b51d2eb432ce5.jpeg?odnHeight=100&odnWidth=100&odnBg=FFFFFF",
		"mediumImage": "https://i5.walmartimages.com/asr/bef8722b-4175-45eb-bc1a-1d15733cd9de_1.fedd8caaaf91a9ee6a1b51d2eb432ce5.jpeg?odnHeight=180&odnWidth=180&odnBg=FFFFFF",
		"largeImage": "https://i5.walmartimages.com/asr/bef8722b-4175-45eb-bc1a-1d15733cd9de_1.fedd8caaaf91a9ee6a1b51d2eb432ce5.jpeg?odnHeight=450&odnWidth=450&odnBg=FFFFFF",
		"productTrackingUrl": "http://linksynergy.walmart.com/fs-bin/click?id=|LSNID|&offerid=223073.7200&type=14&catid=8&subid=0&hid=7200&tmpid=1082&RD_PARM1=https%253A%252F%252Fwww.walmart.com%252Fip%252FRefurbished-Apple-iPhone-6-16GB-Silver-Unlocked-GSM%252F591451668%253Faffp1%253DYlV2s68lfVfUlXVwMlHhcZ3QD9X-GFq-UV2qDRVwUwM%2526affilsrc%253Dapi",
		"standardShipRate": 0.0,
		"marketplace": true,
		"modelNumber": "IPH6 16GB SILVER",
		"sellerInfo": "Vovoya Inc.",
		"productUrl": "http://c.affil.walmart.com/t/api02?l=https%3A%2F%2Fwww.walmart.com%2Fip%2FRefurbished-Apple-iPhone-6-16GB-Silver-Unlocked-GSM%2F591451668%3Faffp1%3DYlV2s68lfVfUlXVwMlHhcZ3QD9X-GFq-UV2qDRVwUwM%26affilsrc%3Dapi%26veh%3Daff%26wmlspartner%3Dreadonlyapi",
		"customerRating": "3.8",
		"numReviews": 5,
		"customerRatingImage": "http://i2.walmartimages.com/i/CustRating/3_8.gif",
		"categoryNode": "1105910_1127173_4907762",
		"rhid": "35415",
		"bundle": false,
		"stock": "Not available",
		"addToCartUrl": "http://c.affil.walmart.com/t/api02?l=http%3A%2F%2Faffil.walmart.com%2Fcart%2FaddToCart%3Fitems%3D591451668%7C1%26affp1%3DYlV2s68lfVfUlXVwMlHhcZ3QD9X-GFq-UV2qDRVwUwM%26affilsrc%3Dapi%26veh%3Daff%26wmlspartner%3Dreadonlyapi",
		"affiliateAddToCartUrl": "http://linksynergy.walmart.com/fs-bin/click?id=|LSNID|&offerid=223073.7200&type=14&catid=8&subid=0&hid=7200&tmpid=1082&RD_PARM1=http%253A%252F%252Faffil.walmart.com%252Fcart%252FaddToCart%253Fitems%253D591451668%257C1%2526affp1%253DYlV2s68lfVfUlXVwMlHhcZ3QD9X-GFq-UV2qDRVwUwM%2526affilsrc%253Dapi",
		"freeShippingOver35Dollars": false,
		"giftOptions": {},
		"imageEntities": [{
			"thumbnailImage": "https://i5.walmartimages.com/asr/bef8722b-4175-45eb-bc1a-1d15733cd9de_1.fedd8caaaf91a9ee6a1b51d2eb432ce5.jpeg?odnHeight=100&odnWidth=100&odnBg=FFFFFF",
			"mediumImage": "https://i5.walmartimages.com/asr/bef8722b-4175-45eb-bc1a-1d15733cd9de_1.fedd8caaaf91a9ee6a1b51d2eb432ce5.jpeg?odnHeight=180&odnWidth=180&odnBg=FFFFFF",
			"largeImage": "https://i5.walmartimages.com/asr/bef8722b-4175-45eb-bc1a-1d15733cd9de_1.fedd8caaaf91a9ee6a1b51d2eb432ce5.jpeg?odnHeight=450&odnWidth=450&odnBg=FFFFFF",
			"entityType": "PRIMARY"
		}],
		"offerType": "ONLINE_ONLY",
		"availableOnline": false
	}],
	"facets": []
}